[{"model": "users.user", "pk": 1, "fields": {"password": "pbkdf2_sha256$216000$0nrjyosE8Ie1$AaKLU+tFttOQH4MMZz1PL8J8ekrKDNfOX6Ef4/WPCxg=", "email": "teste@test.com", "username": "teste@test.com", "date_joined": "2021-05-04T10:15:18.946Z", "last_login": "2021-05-04T10:59:36.873Z", "is_active": true, "is_admin": false, "is_staff": false, "is_superuser": false, "birthday": "2021-05-04", "verified": true, "auth_token": "b8e107d96197a8d9b48c831b947d137b64579fc9be4ef77d75503cac11b2c192", "groups": [], "user_permissions": []}}, {"model": "users.user", "pk": 2, "fields": {"password": "pbkdf2_sha256$216000$kl2Tkq3t5JXA$sHN+43kspWOfKMfr4uDDmFng1owkzOuC8b3I0Drs4ds=", "email": "test1@test.com", "username": "test1", "date_joined": "2021-05-04T10:16:37.661Z", "last_login": "2021-05-04T15:08:04.742Z", "is_active": true, "is_admin": false, "is_staff": true, "is_superuser": false, "birthday": "2021-05-04", "verified": true, "auth_token": "b518796b8fe837604eea78188695ae6cff1e63b10b11e4da1df04557d5cf8859", "groups": [], "user_permissions": []}}, {"model": "users.user", "pk": 3, "fields": {"password": "pbkdf2_sha256$216000$PNdIFkMvgKwQ$eUbVmhZWvD6dAnQBROA9VcpKg2CQCak2S+gGXnAe0Dk=", "email": "admin@admin.com", "username": "admin", "date_joined": "2021-05-04T10:35:41.460Z", "last_login": "2021-05-04T15:07:09.843Z", "is_active": true, "is_admin": true, "is_staff": true, "is_superuser": true, "birthday": null, "verified": false, "auth_token": null, "groups": [], "user_permissions": []}}, {"model": "users.user", "pk": 4, "fields": {"password": "pbkdf2_sha256$216000$ZJfIIDhXDqNV$YnVxVq7NDkK/reNybvVjg6v8SeBWA6ZWw02ofzHnORg=", "email": "123@qq.com", "username": "123@qq.com", "date_joined": "2021-05-04T14:17:26.888Z", "last_login": "2021-05-04T14:17:34.329Z", "is_active": true, "is_admin": false, "is_staff": false, "is_superuser": false, "birthday": "2021-05-04", "verified": false, "auth_token": "eb9ea2da9719d7e4bc759c02479f5e50f9be89d85981adb1d592551566741b8f", "groups": [], "user_permissions": []}}, {"model": "users.user", "pk": 5, "fields": {"password": "pbkdf2_sha256$216000$qy2Z6DIsnnJf$Sy3+pc8tKquufFaIi7WLlgO4S6dDW1eF+7noUSy/IB4=", "email": "staff@example.com", "username": "staff", "date_joined": "2021-05-04T15:05:49.423Z", "last_login": "2021-05-04T15:06:01.344Z", "is_active": true, "is_admin": false, "is_staff": false, "is_superuser": false, "birthday": "2021-05-04", "verified": true, "auth_token": "1154a13e697abcb8c1510d6cf595f4e5cca0ce73312c1f7535d95253534113a5", "groups": [], "user_permissions": []}}, {"model": "users.user", "pk": 6, "fields": {"password": "pbkdf2_sha256$216000$3naE1OzuMhZl$6uca0FMXhEko0YqOXbtpGgcbArDfyciq6C/UR2rpfYI=", "email": "user1@example.com", "username": "user1", "date_joined": "2021-05-04T15:06:45.089Z", "last_login": "2021-05-04T15:07:01.128Z", "is_active": true, "is_admin": false, "is_staff": false, "is_superuser": false, "birthday": "2021-05-04", "verified": true, "auth_token": "1ee2bf30db382fedf287963f903766bffe9014d444727acba8f8881bfaf7eebc", "groups": [], "user_permissions": []}}, {"model": "movies.movie", "pk": 1, "fields": {"title": "The Dark Knight", "director": "Christopher Nolan", "lead_actor": "Christian Bale, Heath Ledger, Aaron Eckhart", "certificate": "12A", "duration": 152, "rating": "9.0", "premier_date": "2008-07-24", "blurb": "When the menace known as the Joker wreaks havoc and chaos on the people of Gotham, Batman must accept one of the greatest psychological and physical tests of his ability to fight injustice.", "poster": "images/1.jpg"}}, {"model": "movies.movie", "pk": 2, "fields": {"title": "Joker", "director": "Todd Phillips", "lead_actor": "Joaquin Phoenix, Robert De Niro, Zazie Beetz", "certificate": "15", "duration": 122, "rating": "8.4", "premier_date": "2019-10-04", "blurb": "In Gotham City, mentally troubled comedian Arthur Fleck is disregarded and mistreated by society. He then embarks on a downward spiral of revolution and bloody crime. This path brings him face-to-face with his alter-ego: the Joker.", "poster": "images/2.jpg"}}, {"model": "movies.movie", "pk": 3, "fields": {"title": "Avengers: Endgame", "director": "Anthony Russo, Joe Russo", "lead_actor": "Robert Downey Jr., Chris Evans, Mark Ruffalo", "certificate": "12A", "duration": 181, "rating": "8.4", "premier_date": "2019-04-25", "blurb": "After the devastating events of Avengers: Infinity War (2018), the universe is in ruins. With the help of remaining allies, the Avengers assemble once more in order to reverse Thanos' actions and restore balance to the universe.", "poster": "images/3.jpg"}}, {"model": "movies.movie", "pk": 4, "fields": {"title": "Avengers: Infinity War", "director": "Anthony Russo, Joe Russo", "lead_actor": "Robert Downey Jr., Chris Hemsworth, Mark Ruffalo |", "certificate": "12A", "duration": 1, "rating": "8.4", "premier_date": "2018-11-01", "blurb": "The Avengers and their allies must be willing to sacrifice all in an attempt to defeat the powerful Thanos before his blitz of devastation and ruin puts an end to the universe.", "poster": "images/4.jpg"}}, {"model": "movies.movie", "pk": 5, "fields": {"title": "The Dark Knight Rises", "director": "Christopher Nolan", "lead_actor": "Christian Bale", "certificate": "R18", "duration": 0, "rating": "-0.1", "premier_date": "2012-05-03", "blurb": "Eight years after the Joker's reign of anarchy, Batman, with the help of the enigmatic Catwoman, is forced from his exile to save Gotham City from the brutal guerrilla terrorist Bane.", "poster": "images/5.jpg"}}, {"model": "halls.hall", "pk": 1, "fields": {"name": "Hall 1"}}, {"model": "halls.hall", "pk": 2, "fields": {"name": "Hall 2"}}, {"model": "halls.hall", "pk": 3, "fields": {"name": "Hall 3"}}, {"model": "halls.showtime", "pk": 1, "fields": {"hall": 1, "movie": 1, "time": "2021-03-19T18:00:00Z"}}, {"model": "halls.showtime", "pk": 2, "fields": {"hall": 2, "movie": 2, "time": "2021-03-19T18:00:00Z"}}, {"model": "halls.seat", "pk": 1, "fields": {"hall": 1, "row_number": 1, "seat_number": 1, "vip": false, "status": "X", "showtime": 1}}, {"model": "halls.seat", "pk": 2, "fields": {"hall": 1, "row_number": 1, "seat_number": 2, "vip": false, "status": "X", "showtime": 1}}, {"model": "halls.seat", "pk": 3, "fields": {"hall": 1, "row_number": 1, "seat_number": 3, "vip": false, "status": "X", "showtime": 1}}, {"model": "halls.seat", "pk": 4, "fields": {"hall": 1, "row_number": 1, "seat_number": 4, "vip": false, "status": "X", "showtime": 1}}, {"model": "halls.seat", "pk": 5, "fields": {"hall": 1, "row_number": 1, "seat_number": 5, "vip": false, "status": "X", "showtime": 1}}, {"model": "halls.seat", "pk": 6, "fields": {"hall": 1, "row_number": 1, "seat_number": 6, "vip": false, "status": "X", "showtime": 1}}, {"model": "halls.seat", "pk": 7, "fields": {"hall": 1, "row_number": 1, "seat_number": 7, "vip": false, "status": "X", "showtime": 1}}, {"model": "halls.seat", "pk": 8, "fields": {"hall": 1, "row_number": 1, "seat_number": 8, "vip": false, "status": "X", "showtime": 1}}, {"model": "halls.seat", "pk": 9, "fields": {"hall": 1, "row_number": 1, "seat_number": 9, "vip": false, "status": "X", "showtime": 1}}, {"model": "halls.seat", "pk": 10, "fields": {"hall": 1, "row_number": 1, "seat_number": 10, "vip": false, "status": "X", "showtime": 1}}, {"model": "halls.seat", "pk": 11, "fields": {"hall": 1, "row_number": 2, "seat_number": 1, "vip": false, "status": "X", "showtime": 1}}, {"model": "halls.seat", "pk": 12, "fields": {"hall": 1, "row_number": 2, "seat_number": 2, "vip": false, "status": "X", "showtime": 1}}, {"model": "halls.seat", "pk": 13, "fields": {"hall": 1, "row_number": 2, "seat_number": 3, "vip": false, "status": "X", "showtime": 1}}, {"model": "halls.seat", "pk": 14, "fields": {"hall": 1, "row_number": 2, "seat_number": 4, "vip": false, "status": "X", "showtime": 1}}, {"model": "halls.seat", "pk": 15, "fields": {"hall": 1, "row_number": 2, "seat_number": 5, "vip": false, "status": "X", "showtime": 1}}, {"model": "halls.seat", "pk": 16, "fields": {"hall": 1, "row_number": 2, "seat_number": 6, "vip": false, "status": "X", "showtime": 1}}, {"model": "halls.seat", "pk": 17, "fields": {"hall": 1, "row_number": 2, "seat_number": 7, "vip": false, "status": "O", "showtime": 1}}, {"model": "halls.seat", "pk": 18, "fields": {"hall": 1, "row_number": 2, "seat_number": 8, "vip": false, "status": "O", "showtime": 1}}, {"model": "halls.seat", "pk": 19, "fields": {"hall": 1, "row_number": 2, "seat_number": 9, "vip": false, "status": "O", "showtime": 1}}, {"model": "halls.seat", "pk": 20, "fields": {"hall": 1, "row_number": 2, "seat_number": 10, "vip": false, "status": "O", "showtime": 1}}, {"model": "halls.seat", "pk": 21, "fields": {"hall": 1, "row_number": 3, "seat_number": 1, "vip": true, "status": "O", "showtime": 1}}, {"model": "halls.seat", "pk": 22, "fields": {"hall": 1, "row_number": 3, "seat_number": 2, "vip": true, "status": "O", "showtime": 1}}, {"model": "halls.seat", "pk": 23, "fields": {"hall": 1, "row_number": 3, "seat_number": 3, "vip": true, "status": "O", "showtime": 1}}, {"model": "halls.seat", "pk": 24, "fields": {"hall": 1, "row_number": 3, "seat_number": 4, "vip": true, "status": "O", "showtime": 1}}, {"model": "halls.seat", "pk": 25, "fields": {"hall": 1, "row_number": 3, "seat_number": 5, "vip": true, "status": "O", "showtime": 1}}, {"model": "halls.seat", "pk": 26, "fields": {"hall": 1, "row_number": 3, "seat_number": 6, "vip": true, "status": "O", "showtime": 1}}, {"model": "halls.seat", "pk": 27, "fields": {"hall": 1, "row_number": 3, "seat_number": 7, "vip": true, "status": "O", "showtime": 1}}, {"model": "halls.seat", "pk": 28, "fields": {"hall": 1, "row_number": 3, "seat_number": 8, "vip": true, "status": "O", "showtime": 1}}, {"model": "halls.seat", "pk": 29, "fields": {"hall": 1, "row_number": 3, "seat_number": 9, "vip": true, "status": "O", "showtime": 1}}, {"model": "halls.seat", "pk": 30, "fields": {"hall": 1, "row_number": 3, "seat_number": 10, "vip": true, "status": "O", "showtime": 1}}, {"model": "halls.seat", "pk": 31, "fields": {"hall": 1, "row_number": 4, "seat_number": 1, "vip": false, "status": "O", "showtime": 1}}, {"model": "halls.seat", "pk": 32, "fields": {"hall": 1, "row_number": 4, "seat_number": 2, "vip": false, "status": "O", "showtime": 1}}, {"model": "halls.seat", "pk": 33, "fields": {"hall": 1, "row_number": 4, "seat_number": 3, "vip": false, "status": "O", "showtime": 1}}, {"model": "halls.seat", "pk": 34, "fields": {"hall": 1, "row_number": 4, "seat_number": 4, "vip": false, "status": "O", "showtime": 1}}, {"model": "halls.seat", "pk": 35, "fields": {"hall": 1, "row_number": 4, "seat_number": 5, "vip": false, "status": "O", "showtime": 1}}, {"model": "halls.seat", "pk": 36, "fields": {"hall": 1, "row_number": 4, "seat_number": 6, "vip": false, "status": "O", "showtime": 1}}, {"model": "halls.seat", "pk": 37, "fields": {"hall": 1, "row_number": 4, "seat_number": 7, "vip": false, "status": "O", "showtime": 1}}, {"model": "halls.seat", "pk": 38, "fields": {"hall": 1, "row_number": 4, "seat_number": 8, "vip": false, "status": "O", "showtime": 1}}, {"model": "halls.seat", "pk": 39, "fields": {"hall": 1, "row_number": 4, "seat_number": 9, "vip": false, "status": "O", "showtime": 1}}, {"model": "halls.seat", "pk": 40, "fields": {"hall": 1, "row_number": 4, "seat_number": 10, "vip": false, "status": "O", "showtime": 1}}, {"model": "halls.seat", "pk": 41, "fields": {"hall": 1, "row_number": 5, "seat_number": 1, "vip": false, "status": "O", "showtime": 1}}, {"model": "halls.seat", "pk": 42, "fields": {"hall": 1, "row_number": 5, "seat_number": 2, "vip": false, "status": "O", "showtime": 1}}, {"model": "halls.seat", "pk": 43, "fields": {"hall": 1, "row_number": 5, "seat_number": 3, "vip": false, "status": "O", "showtime": 1}}, {"model": "halls.seat", "pk": 44, "fields": {"hall": 1, "row_number": 5, "seat_number": 4, "vip": false, "status": "O", "showtime": 1}}, {"model": "halls.seat", "pk": 45, "fields": {"hall": 1, "row_number": 5, "seat_number": 5, "vip": false, "status": "O", "showtime": 1}}, {"model": "halls.seat", "pk": 46, "fields": {"hall": 1, "row_number": 5, "seat_number": 6, "vip": false, "status": "O", "showtime": 1}}, {"model": "halls.seat", "pk": 47, "fields": {"hall": 1, "row_number": 5, "seat_number": 7, "vip": false, "status": "O", "showtime": 1}}, {"model": "halls.seat", "pk": 48, "fields": {"hall": 1, "row_number": 5, "seat_number": 8, "vip": false, "status": "O", "showtime": 1}}, {"model": "halls.seat", "pk": 49, "fields": {"hall": 1, "row_number": 5, "seat_number": 9, "vip": false, "status": "O", "showtime": 1}}, {"model": "halls.seat", "pk": 50, "fields": {"hall": 1, "row_number": 5, "seat_number": 10, "vip": false, "status": "O", "showtime": 1}}, {"model": "halls.seat", "pk": 51, "fields": {"hall": 2, "row_number": 1, "seat_number": 1, "vip": false, "status": "X", "showtime": 2}}, {"model": "halls.seat", "pk": 52, "fields": {"hall": 2, "row_number": 1, "seat_number": 2, "vip": false, "status": "X", "showtime": 2}}, {"model": "halls.seat", "pk": 53, "fields": {"hall": 2, "row_number": 1, "seat_number": 3, "vip": false, "status": "X", "showtime": 2}}, {"model": "halls.seat", "pk": 54, "fields": {"hall": 2, "row_number": 1, "seat_number": 4, "vip": false, "status": "X", "showtime": 2}}, {"model": "halls.seat", "pk": 55, "fields": {"hall": 2, "row_number": 1, "seat_number": 5, "vip": false, "status": "X", "showtime": 2}}, {"model": "halls.seat", "pk": 56, "fields": {"hall": 2, "row_number": 1, "seat_number": 6, "vip": false, "status": "X", "showtime": 2}}, {"model": "halls.seat", "pk": 57, "fields": {"hall": 2, "row_number": 1, "seat_number": 7, "vip": false, "status": "X", "showtime": 2}}, {"model": "halls.seat", "pk": 58, "fields": {"hall": 2, "row_number": 1, "seat_number": 8, "vip": false, "status": "X", "showtime": 2}}, {"model": "halls.seat", "pk": 59, "fields": {"hall": 2, "row_number": 1, "seat_number": 9, "vip": false, "status": "X", "showtime": 2}}, {"model": "halls.seat", "pk": 60, "fields": {"hall": 2, "row_number": 1, "seat_number": 10, "vip": false, "status": "X", "showtime": 2}}, {"model": "halls.seat", "pk": 61, "fields": {"hall": 2, "row_number": 2, "seat_number": 1, "vip": false, "status": "X", "showtime": 2}}, {"model": "halls.seat", "pk": 62, "fields": {"hall": 2, "row_number": 2, "seat_number": 2, "vip": false, "status": "O", "showtime": 2}}, {"model": "halls.seat", "pk": 63, "fields": {"hall": 2, "row_number": 2, "seat_number": 3, "vip": false, "status": "X", "showtime": 2}}, {"model": "halls.seat", "pk": 64, "fields": {"hall": 2, "row_number": 2, "seat_number": 4, "vip": false, "status": "X", "showtime": 2}}, {"model": "halls.seat", "pk": 65, "fields": {"hall": 2, "row_number": 2, "seat_number": 5, "vip": false, "status": "X", "showtime": 2}}, {"model": "halls.seat", "pk": 66, "fields": {"hall": 2, "row_number": 2, "seat_number": 6, "vip": false, "status": "X", "showtime": 2}}, {"model": "halls.seat", "pk": 67, "fields": {"hall": 2, "row_number": 2, "seat_number": 7, "vip": false, "status": "X", "showtime": 2}}, {"model": "halls.seat", "pk": 68, "fields": {"hall": 2, "row_number": 2, "seat_number": 8, "vip": false, "status": "X", "showtime": 2}}, {"model": "halls.seat", "pk": 69, "fields": {"hall": 2, "row_number": 2, "seat_number": 9, "vip": false, "status": "O", "showtime": 2}}, {"model": "halls.seat", "pk": 70, "fields": {"hall": 2, "row_number": 2, "seat_number": 10, "vip": false, "status": "O", "showtime": 2}}, {"model": "halls.seat", "pk": 71, "fields": {"hall": 2, "row_number": 3, "seat_number": 1, "vip": true, "status": "O", "showtime": 2}}, {"model": "halls.seat", "pk": 72, "fields": {"hall": 2, "row_number": 3, "seat_number": 2, "vip": true, "status": "O", "showtime": 2}}, {"model": "halls.seat", "pk": 73, "fields": {"hall": 2, "row_number": 3, "seat_number": 3, "vip": true, "status": "O", "showtime": 2}}, {"model": "halls.seat", "pk": 74, "fields": {"hall": 2, "row_number": 3, "seat_number": 4, "vip": true, "status": "O", "showtime": 2}}, {"model": "halls.seat", "pk": 75, "fields": {"hall": 2, "row_number": 3, "seat_number": 5, "vip": true, "status": "O", "showtime": 2}}, {"model": "halls.seat", "pk": 76, "fields": {"hall": 2, "row_number": 3, "seat_number": 6, "vip": true, "status": "O", "showtime": 2}}, {"model": "halls.seat", "pk": 77, "fields": {"hall": 2, "row_number": 3, "seat_number": 7, "vip": true, "status": "X", "showtime": 2}}, {"model": "halls.seat", "pk": 78, "fields": {"hall": 2, "row_number": 3, "seat_number": 8, "vip": true, "status": "O", "showtime": 2}}, {"model": "halls.seat", "pk": 79, "fields": {"hall": 2, "row_number": 3, "seat_number": 9, "vip": true, "status": "O", "showtime": 2}}, {"model": "halls.seat", "pk": 80, "fields": {"hall": 2, "row_number": 3, "seat_number": 10, "vip": true, "status": "O", "showtime": 2}}, {"model": "halls.seat", "pk": 81, "fields": {"hall": 2, "row_number": 4, "seat_number": 1, "vip": false, "status": "O", "showtime": 2}}, {"model": "halls.seat", "pk": 82, "fields": {"hall": 2, "row_number": 4, "seat_number": 2, "vip": false, "status": "O", "showtime": 2}}, {"model": "halls.seat", "pk": 83, "fields": {"hall": 2, "row_number": 4, "seat_number": 3, "vip": false, "status": "O", "showtime": 2}}, {"model": "halls.seat", "pk": 84, "fields": {"hall": 2, "row_number": 4, "seat_number": 4, "vip": false, "status": "O", "showtime": 2}}, {"model": "halls.seat", "pk": 85, "fields": {"hall": 2, "row_number": 4, "seat_number": 5, "vip": false, "status": "O", "showtime": 2}}, {"model": "halls.seat", "pk": 86, "fields": {"hall": 2, "row_number": 4, "seat_number": 6, "vip": false, "status": "O", "showtime": 2}}, {"model": "halls.seat", "pk": 87, "fields": {"hall": 2, "row_number": 4, "seat_number": 7, "vip": false, "status": "O", "showtime": 2}}, {"model": "halls.seat", "pk": 88, "fields": {"hall": 2, "row_number": 4, "seat_number": 8, "vip": false, "status": "O", "showtime": 2}}, {"model": "halls.seat", "pk": 89, "fields": {"hall": 2, "row_number": 4, "seat_number": 9, "vip": false, "status": "O", "showtime": 2}}, {"model": "halls.seat", "pk": 90, "fields": {"hall": 2, "row_number": 4, "seat_number": 10, "vip": false, "status": "O", "showtime": 2}}, {"model": "halls.seat", "pk": 91, "fields": {"hall": 2, "row_number": 5, "seat_number": 1, "vip": false, "status": "O", "showtime": 2}}, {"model": "halls.seat", "pk": 92, "fields": {"hall": 2, "row_number": 5, "seat_number": 2, "vip": false, "status": "O", "showtime": 2}}, {"model": "halls.seat", "pk": 93, "fields": {"hall": 2, "row_number": 5, "seat_number": 3, "vip": false, "status": "O", "showtime": 2}}, {"model": "halls.seat", "pk": 94, "fields": {"hall": 2, "row_number": 5, "seat_number": 4, "vip": false, "status": "O", "showtime": 2}}, {"model": "halls.seat", "pk": 95, "fields": {"hall": 2, "row_number": 5, "seat_number": 5, "vip": false, "status": "O", "showtime": 2}}, {"model": "halls.seat", "pk": 96, "fields": {"hall": 2, "row_number": 5, "seat_number": 6, "vip": false, "status": "O", "showtime": 2}}, {"model": "halls.seat", "pk": 97, "fields": {"hall": 2, "row_number": 5, "seat_number": 7, "vip": false, "status": "O", "showtime": 2}}, {"model": "halls.seat", "pk": 98, "fields": {"hall": 2, "row_number": 5, "seat_number": 8, "vip": false, "status": "O", "showtime": 2}}, {"model": "halls.seat", "pk": 99, "fields": {"hall": 2, "row_number": 5, "seat_number": 9, "vip": false, "status": "O", "showtime": 2}}, {"model": "halls.seat", "pk": 100, "fields": {"hall": 2, "row_number": 5, "seat_number": 10, "vip": false, "status": "O", "showtime": 2}}, {"model": "payment.carddetail", "pk": 1, "fields": {"card_number": "1", "card_holder_name": "tester", "expire_month": 12, "expire_year": 2222, "user": [1]}}, {"model": "payment.carddetail", "pk": 2, "fields": {"card_number": "2", "card_holder_name": "tester", "expire_month": 12, "expire_year": 2222, "user": [2]}}, {"model": "payment.ticket", "pk": 1, "fields": {"seat": 61, "type": "ADULT", "showtime": 2, "date_created": "2021-05-04T10:35:55.204Z", "price": 5.0}}, {"model": "payment.ticket", "pk": 2, "fields": {"seat": 62, "type": "ADULT", "showtime": 2, "date_created": "2021-05-04T10:36:28.153Z", "price": 5.0}}, {"model": "payment.ticket", "pk": 3, "fields": {"seat": 56, "type": "ADULT", "showtime": 2, "date_created": "2021-05-04T10:38:49.261Z", "price": 5.0}}, {"model": "payment.ticket", "pk": 4, "fields": {"seat": 57, "type": "ADULT", "showtime": 2, "date_created": "2021-05-04T10:42:49.853Z", "price": 5.0}}, {"model": "payment.ticket", "pk": 5, "fields": {"seat": 81, "type": "ADULT", "showtime": 2, "date_created": "2021-05-04T10:43:59.301Z", "price": 5.0}}, {"model": "payment.ticket", "pk": 6, "fields": {"seat": 56, "type": "ADULT", "showtime": 2, "date_created": "2021-05-04T10:59:57.220Z", "price": 5.0}}, {"model": "payment.ticket", "pk": 7, "fields": {"seat": 57, "type": "ADULT", "showtime": 2, "date_created": "2021-05-04T11:00:23.185Z", "price": 5.0}}, {"model": "payment.ticket", "pk": 8, "fields": {"seat": 58, "type": "ADULT", "showtime": 2, "date_created": "2021-05-04T11:29:15.868Z", "price": 5.0}}, {"model": "payment.ticket", "pk": 9, "fields": {"seat": 59, "type": "ADULT", "showtime": 2, "date_created": "2021-05-04T11:29:54.225Z", "price": 5.0}}, {"model": "payment.ticket", "pk": 10, "fields": {"seat": 58, "type": "ADULT", "showtime": 2, "date_created": "2021-05-04T14:16:39.611Z", "price": 5.0}}, {"model": "payment.ticket", "pk": 11, "fields": {"seat": 58, "type": "ADULT", "showtime": 2, "date_created": "2021-05-04T14:17:41.070Z", "price": 5.0}}, {"model": "payment.ticket", "pk": 12, "fields": {"seat": 60, "type": "ADULT", "showtime": 2, "date_created": "2021-05-04T14:22:44.761Z", "price": 5.0}}, {"model": "payment.ticket", "pk": 13, "fields": {"seat": 61, "type": "ADULT", "showtime": 2, "date_created": "2021-05-04T14:25:40.949Z", "price": 5.0}}, {"model": "payment.ticket", "pk": 14, "fields": {"seat": 69, "type": "ADULT", "showtime": 2, "date_created": "2021-05-04T14:26:24.617Z", "price": 5.0}}, {"model": "payment.shoppingcart", "pk": 2, "fields": {"user": 3, "ticket": [1, 10]}}, {"model": "payment.shoppingcart", "pk": 5, "fields": {"user": 1, "ticket": []}}, {"model": "payment.shoppingcart", "pk": 6, "fields": {"user": 4, "ticket": [11]}}, {"model": "payment.shoppingcart", "pk": 9, "fields": {"user": 2, "ticket": [14]}}, {"model": "payment.order", "pk": 1, "fields": {"user": 1, "card": "**** **** **** 1", "order_status": "Succeed", "date_created": "2021-05-04T11:00:07.915Z", "amount": 5.0, "tickets": [6]}}, {"model": "payment.order", "pk": 2, "fields": {"user": 1, "card": "**** **** **** 1", "order_status": "Succeed", "date_created": "2021-05-04T11:06:50.568Z", "amount": 5.0, "tickets": [7]}}, {"model": "payment.order", "pk": 3, "fields": {"user": 2, "card": null, "order_status": "Succeed", "date_created": "2021-05-04T14:21:29.133Z", "amount": 10.0, "tickets": [8, 9]}}, {"model": "payment.order", "pk": 4, "fields": {"user": 2, "card": null, "order_status": "Succeed", "date_created": "2021-05-04T14:22:59.862Z", "amount": 5.0, "tickets": [12]}}, {"model": "payment.order", "pk": 5, "fields": {"user": 2, "card": "**** **** **** 2", "order_status": "Succeed", "date_created": "2021-05-04T14:25:51.307Z", "amount": 5.0, "tickets": [13]}}, {"model": "admin.logentry", "pk": 1, "fields": {"action_time": "2021-05-04T11:08:08.143Z", "user": 3, "content_type": 1, "object_id": "2", "object_repr": "test1@test.com", "action_flag": 2, "change_message": "[{\"changed\": {\"fields\": [\"Is staff\"]}}]"}}, {"model": "admin.logentry", "pk": 2, "fields": {"action_time": "2021-05-04T14:57:59.608Z", "user": 3, "content_type": 2, "object_id": "2", "object_repr": "Joker (2019)", "action_flag": 2, "change_message": "[{\"changed\": {\"fields\": [\"Poster\"]}}]"}}, {"model": "admin.logentry", "pk": 3, "fields": {"action_time": "2021-05-04T14:58:08.281Z", "user": 3, "content_type": 2, "object_id": "4", "object_repr": "Avengers: Infinity War (2021)", "action_flag": 2, "change_message": "[{\"changed\": {\"fields\": [\"Poster\"]}}]"}}, {"model": "admin.logentry", "pk": 4, "fields": {"action_time": "2021-05-04T15:00:17.874Z", "user": 3, "content_type": 2, "object_id": "1", "object_repr": "The Dark Knight (2008)", "action_flag": 2, "change_message": "[{\"changed\": {\"fields\": [\"Poster\"]}}]"}}, {"model": "admin.logentry", "pk": 5, "fields": {"action_time": "2021-05-04T15:00:29.087Z", "user": 3, "content_type": 2, "object_id": "2", "object_repr": "Joker (2019)", "action_flag": 2, "change_message": "[{\"changed\": {\"fields\": [\"Poster\"]}}]"}}, {"model": "admin.logentry", "pk": 6, "fields": {"action_time": "2021-05-04T15:00:37.777Z", "user": 3, "content_type": 2, "object_id": "3", "object_repr": "Avengers: Endgame (2019)", "action_flag": 2, "change_message": "[{\"changed\": {\"fields\": [\"Poster\"]}}]"}}, {"model": "admin.logentry", "pk": 7, "fields": {"action_time": "2021-05-04T15:00:48.454Z", "user": 3, "content_type": 2, "object_id": "4", "object_repr": "Avengers: Infinity War (2021)", "action_flag": 2, "change_message": "[{\"changed\": {\"fields\": [\"Poster\"]}}]"}}, {"model": "admin.logentry", "pk": 8, "fields": {"action_time": "2021-05-04T15:01:02.482Z", "user": 3, "content_type": 2, "object_id": "5", "object_repr": "The Dark Knight Rises (2012) (2021)", "action_flag": 2, "change_message": "[{\"changed\": {\"fields\": [\"Poster\"]}}]"}}, {"model": "admin.logentry", "pk": 9, "fields": {"action_time": "2021-05-04T15:01:54.294Z", "user": 3, "content_type": 2, "object_id": "5", "object_repr": "The Dark Knight Rises (2012) (2012)", "action_flag": 2, "change_message": "[{\"changed\": {\"fields\": [\"Premier date\"]}}]"}}, {"model": "admin.logentry", "pk": 10, "fields": {"action_time": "2021-05-04T15:02:02.009Z", "user": 3, "content_type": 2, "object_id": "5", "object_repr": "The Dark Knight Rises (2012)", "action_flag": 2, "change_message": "[{\"changed\": {\"fields\": [\"Title\"]}}]"}}, {"model": "admin.logentry", "pk": 11, "fields": {"action_time": "2021-05-04T15:03:08.511Z", "user": 3, "content_type": 2, "object_id": "4", "object_repr": "Avengers: Infinity War (2018)", "action_flag": 2, "change_message": "[{\"changed\": {\"fields\": [\"Premier date\"]}}]"}}, {"model": "admin.logentry", "pk": 12, "fields": {"action_time": "2021-05-04T15:04:32.301Z", "user": 3, "content_type": 1, "object_id": "2", "object_repr": "staff@example.com", "action_flag": 2, "change_message": "[{\"changed\": {\"fields\": [\"Email\", \"Username\"]}}]"}}, {"model": "admin.logentry", "pk": 13, "fields": {"action_time": "2021-05-04T15:05:12.348Z", "user": 3, "content_type": 1, "object_id": "2", "object_repr": "test1@test.com", "action_flag": 2, "change_message": "[{\"changed\": {\"fields\": [\"Email\", \"Username\"]}}]"}}, {"model": "admin.logentry", "pk": 14, "fields": {"action_time": "2021-05-04T15:07:51.938Z", "user": 3, "content_type": 1, "object_id": "2", "object_repr": "test1@test.com", "action_flag": 2, "change_message": "[{\"changed\": {\"fields\": [\"Is active\"]}}]"}}, {"model": "admin.logentry", "pk": 15, "fields": {"action_time": "2021-05-04T15:08:04.746Z", "user": 3, "content_type": 1, "object_id": "2", "object_repr": "test1@test.com", "action_flag": 2, "change_message": "[{\"changed\": {\"fields\": [\"Is active\"]}}]"}}, {"model": "auth.permission", "pk": 1, "fields": {"name": "Can add user", "content_type": 1, "codename": "add_user"}}, {"model": "auth.permission", "pk": 2, "fields": {"name": "Can change user", "content_type": 1, "codename": "change_user"}}, {"model": "auth.permission", "pk": 3, "fields": {"name": "Can delete user", "content_type": 1, "codename": "delete_user"}}, {"model": "auth.permission", "pk": 4, "fields": {"name": "Can view user", "content_type": 1, "codename": "view_user"}}, {"model": "auth.permission", "pk": 5, "fields": {"name": "Can add movie", "content_type": 2, "codename": "add_movie"}}, {"model": "auth.permission", "pk": 6, "fields": {"name": "Can change movie", "content_type": 2, "codename": "change_movie"}}, {"model": "auth.permission", "pk": 7, "fields": {"name": "Can delete movie", "content_type": 2, "codename": "delete_movie"}}, {"model": "auth.permission", "pk": 8, "fields": {"name": "Can view movie", "content_type": 2, "codename": "view_movie"}}, {"model": "auth.permission", "pk": 9, "fields": {"name": "Can add hall", "content_type": 3, "codename": "add_hall"}}, {"model": "auth.permission", "pk": 10, "fields": {"name": "Can change hall", "content_type": 3, "codename": "change_hall"}}, {"model": "auth.permission", "pk": 11, "fields": {"name": "Can delete hall", "content_type": 3, "codename": "delete_hall"}}, {"model": "auth.permission", "pk": 12, "fields": {"name": "Can view hall", "content_type": 3, "codename": "view_hall"}}, {"model": "auth.permission", "pk": 13, "fields": {"name": "Can add showtime", "content_type": 4, "codename": "add_showtime"}}, {"model": "auth.permission", "pk": 14, "fields": {"name": "Can change showtime", "content_type": 4, "codename": "change_showtime"}}, {"model": "auth.permission", "pk": 15, "fields": {"name": "Can delete showtime", "content_type": 4, "codename": "delete_showtime"}}, {"model": "auth.permission", "pk": 16, "fields": {"name": "Can view showtime", "content_type": 4, "codename": "view_showtime"}}, {"model": "auth.permission", "pk": 17, "fields": {"name": "Can add seat", "content_type": 5, "codename": "add_seat"}}, {"model": "auth.permission", "pk": 18, "fields": {"name": "Can change seat", "content_type": 5, "codename": "change_seat"}}, {"model": "auth.permission", "pk": 19, "fields": {"name": "Can delete seat", "content_type": 5, "codename": "delete_seat"}}, {"model": "auth.permission", "pk": 20, "fields": {"name": "Can view seat", "content_type": 5, "codename": "view_seat"}}, {"model": "auth.permission", "pk": 21, "fields": {"name": "Can add card detail", "content_type": 6, "codename": "add_carddetail"}}, {"model": "auth.permission", "pk": 22, "fields": {"name": "Can change card detail", "content_type": 6, "codename": "change_carddetail"}}, {"model": "auth.permission", "pk": 23, "fields": {"name": "Can delete card detail", "content_type": 6, "codename": "delete_carddetail"}}, {"model": "auth.permission", "pk": 24, "fields": {"name": "Can view card detail", "content_type": 6, "codename": "view_carddetail"}}, {"model": "auth.permission", "pk": 25, "fields": {"name": "Can add ticket", "content_type": 7, "codename": "add_ticket"}}, {"model": "auth.permission", "pk": 26, "fields": {"name": "Can change ticket", "content_type": 7, "codename": "change_ticket"}}, {"model": "auth.permission", "pk": 27, "fields": {"name": "Can delete ticket", "content_type": 7, "codename": "delete_ticket"}}, {"model": "auth.permission", "pk": 28, "fields": {"name": "Can view ticket", "content_type": 7, "codename": "view_ticket"}}, {"model": "auth.permission", "pk": 29, "fields": {"name": "Can add shopping cart", "content_type": 8, "codename": "add_shoppingcart"}}, {"model": "auth.permission", "pk": 30, "fields": {"name": "Can change shopping cart", "content_type": 8, "codename": "change_shoppingcart"}}, {"model": "auth.permission", "pk": 31, "fields": {"name": "Can delete shopping cart", "content_type": 8, "codename": "delete_shoppingcart"}}, {"model": "auth.permission", "pk": 32, "fields": {"name": "Can view shopping cart", "content_type": 8, "codename": "view_shoppingcart"}}, {"model": "auth.permission", "pk": 33, "fields": {"name": "Can add order", "content_type": 9, "codename": "add_order"}}, {"model": "auth.permission", "pk": 34, "fields": {"name": "Can change order", "content_type": 9, "codename": "change_order"}}, {"model": "auth.permission", "pk": 35, "fields": {"name": "Can delete order", "content_type": 9, "codename": "delete_order"}}, {"model": "auth.permission", "pk": 36, "fields": {"name": "Can view order", "content_type": 9, "codename": "view_order"}}, {"model": "auth.permission", "pk": 37, "fields": {"name": "Can add log entry", "content_type": 10, "codename": "add_logentry"}}, {"model": "auth.permission", "pk": 38, "fields": {"name": "Can change log entry", "content_type": 10, "codename": "change_logentry"}}, {"model": "auth.permission", "pk": 39, "fields": {"name": "Can delete log entry", "content_type": 10, "codename": "delete_logentry"}}, {"model": "auth.permission", "pk": 40, "fields": {"name": "Can view log entry", "content_type": 10, "codename": "view_logentry"}}, {"model": "auth.permission", "pk": 41, "fields": {"name": "Can add permission", "content_type": 11, "codename": "add_permission"}}, {"model": "auth.permission", "pk": 42, "fields": {"name": "Can change permission", "content_type": 11, "codename": "change_permission"}}, {"model": "auth.permission", "pk": 43, "fields": {"name": "Can delete permission", "content_type": 11, "codename": "delete_permission"}}, {"model": "auth.permission", "pk": 44, "fields": {"name": "Can view permission", "content_type": 11, "codename": "view_permission"}}, {"model": "auth.permission", "pk": 45, "fields": {"name": "Can add group", "content_type": 12, "codename": "add_group"}}, {"model": "auth.permission", "pk": 46, "fields": {"name": "Can change group", "content_type": 12, "codename": "change_group"}}, {"model": "auth.permission", "pk": 47, "fields": {"name": "Can delete group", "content_type": 12, "codename": "delete_group"}}, {"model": "auth.permission", "pk": 48, "fields": {"name": "Can view group", "content_type": 12, "codename": "view_group"}}, {"model": "auth.permission", "pk": 49, "fields": {"name": "Can add content type", "content_type": 13, "codename": "add_contenttype"}}, {"model": "auth.permission", "pk": 50, "fields": {"name": "Can change content type", "content_type": 13, "codename": "change_contenttype"}}, {"model": "auth.permission", "pk": 51, "fields": {"name": "Can delete content type", "content_type": 13, "codename": "delete_contenttype"}}, {"model": "auth.permission", "pk": 52, "fields": {"name": "Can view content type", "content_type": 13, "codename": "view_contenttype"}}, {"model": "auth.permission", "pk": 53, "fields": {"name": "Can add session", "content_type": 14, "codename": "add_session"}}, {"model": "auth.permission", "pk": 54, "fields": {"name": "Can change session", "content_type": 14, "codename": "change_session"}}, {"model": "auth.permission", "pk": 55, "fields": {"name": "Can delete session", "content_type": 14, "codename": "delete_session"}}, {"model": "auth.permission", "pk": 56, "fields": {"name": "Can view session", "content_type": 14, "codename": "view_session"}}, {"model": "contenttypes.contenttype", "pk": 1, "fields": {"app_label": "users", "model": "user"}}, {"model": "contenttypes.contenttype", "pk": 2, "fields": {"app_label": "movies", "model": "movie"}}, {"model": "contenttypes.contenttype", "pk": 3, "fields": {"app_label": "halls", "model": "hall"}}, {"model": "contenttypes.contenttype", "pk": 4, "fields": {"app_label": "halls", "model": "showtime"}}, {"model": "contenttypes.contenttype", "pk": 5, "fields": {"app_label": "halls", "model": "seat"}}, {"model": "contenttypes.contenttype", "pk": 6, "fields": {"app_label": "payment", "model": "carddetail"}}, {"model": "contenttypes.contenttype", "pk": 7, "fields": {"app_label": "payment", "model": "ticket"}}, {"model": "contenttypes.contenttype", "pk": 8, "fields": {"app_label": "payment", "model": "shoppingcart"}}, {"model": "contenttypes.contenttype", "pk": 9, "fields": {"app_label": "payment", "model": "order"}}, {"model": "contenttypes.contenttype", "pk": 10, "fields": {"app_label": "admin", "model": "logentry"}}, {"model": "contenttypes.contenttype", "pk": 11, "fields": {"app_label": "auth", "model": "permission"}}, {"model": "contenttypes.contenttype", "pk": 12, "fields": {"app_label": "auth", "model": "group"}}, {"model": "contenttypes.contenttype", "pk": 13, "fields": {"app_label": "contenttypes", "model": "contenttype"}}, {"model": "contenttypes.contenttype", "pk": 14, "fields": {"app_label": "sessions", "model": "session"}}, {"model": "sessions.session", "pk": "7o1pcwu2ww35e70llv6whn9j5cym9gyj", "fields": {"session_data": ".eJxVjDsOwjAQBe_iGlnr-BtKes5g7XptHECOFCcV4u4QKQW0b2beS0Tc1hq3npc4sTgLLU6_G2F65LYDvmO7zTLNbV0mkrsiD9rldeb8vBzu30HFXr-1z4AjKBpUKFoH5UagzMUhGE9AyRvy1mUitI4xDKkYBZp1MoltQBTvD-CtOEk:1ldwdh:yJqOQI7LBtBltszJ4z1qLSeckngVA4rjcD6WLpOSJzc", "expire_date": "2021-05-18T15:07:09.845Z"}}, {"model": "sessions.session", "pk": "boepxn2x6iznseqtlmwitzrwph3f3t9u", "fields": {"session_data": ".eJxVjDsOwjAQBe_iGlnr-BtKes5g7XptHECOFCcV4u4QKQW0b2beS0Tc1hq3npc4sTgLLU6_G2F65LYDvmO7zTLNbV0mkrsiD9rldeb8vBzu30HFXr-1z4AjKBpUKFoH5UagzMUhGE9AyRvy1mUitI4xDKkYBZp1MoltQBTvD-CtOEk:1ldsP7:ztNKoEF0lAtfQydPFP6rgr_xpIGdHh77Pw1uUGyv-c8", "expire_date": "2021-05-18T10:35:49.140Z"}}]